pokerHand,strength
2D7S,0.007122507122507123
2D7H,0.014245014245014245
2H7D,0.021367521367521368
2H7S,0.02849002849002849
2D7C,0.03561253561253561
2S7C,0.042735042735042736
2C7C,0.04985754985754985
2C7D,0.05698005698005698
2C7H,0.0641025641025641
2C7S,0.07122507122507123
2S7H,0.07834757834757836
2D7D,0.08547008547008547
2H7H,0.09259259259259259
2S7S,0.0997150997150997
2H7C,0.10683760683760683
2S7D,0.11396011396011396
2C3D,0.12108262108262106
2H3H,0.1282051282051282
2C3H,0.1353276353276353
2C3S,0.14245014245014245
2C3C,0.14957264957264957
2D3D,0.1566951566951567
2S3D,0.1638176638176638
2H3C,0.17094017094017094
2H3D,0.17806267806267806
2S3S,0.18518518518518517
2H3S,0.19230769230769232
2S3H,0.1994301994301994
2D3C,0.20655270655270655
2S3C,0.21367521367521367
2D3S,0.2207977207977208
2D3H,0.22792022792022792
2H6C,0.23504273504273504
2H6D,0.24216524216524213
2D6H,0.2492877492877493
2C6H,0.2564102564102564
2D6D,0.26353276353276356
2C6C,0.2706552706552706
2D6S,0.2777777777777778
2C6S,0.2849002849002849
2D6C,0.292022792022792
2S6H,0.29914529914529914
2C6D,0.30626780626780625
2H6H,0.3133903133903134
2H6S,0.3205128205128205
2S6C,0.3276353276353276
2S6D,0.33475783475783477
2S6S,0.3418803418803419
3D8C,0.349002849002849
3H8S,0.3561253561253561
3C8C,0.3632478632478633
3S8S,0.37037037037037035
3D8S,0.3774928774928775
3S8H,0.38461538461538464
3H8D,0.3917378917378917
3H8H,0.3988603988603988
3S8D,0.405982905982906
3D8H,0.4131054131054131
3S8C,0.4202279202279202
3C8H,0.42735042735042733
3H8C,0.43447293447293445
3C8S,0.4415954415954416
3D8D,0.44871794871794873
3C8D,0.45584045584045585
2S4D,0.46296296296296297
2H4C,0.4700854700854701
2C4S,0.47720797720797725
2D4H,0.48433048433048426
2D4C,0.4914529914529915
2H4D,0.4985754985754986
2H4H,0.5056980056980057
2S4H,0.5128205128205128
2S4S,0.51994301994302
2S4C,0.5270655270655271
2H4S,0.5341880341880342
2D4S,0.5413105413105412
2D4D,0.5484330484330484
2C4H,0.5555555555555556
2C4C,0.5626780626780626
2C4D,0.5698005698005698
2C8C,0.5769230769230769
2S8S,0.584045584045584
2D8H,0.5911680911680912
2S8D,0.5982905982905983
2H8H,0.6054131054131054
2H8C,0.6125356125356125
2H8D,0.6196581196581197
2C8S,0.6267806267806268
2D8S,0.6339031339031339
2C8H,0.641025641025641
2D8C,0.6481481481481481
2H8S,0.6552706552706552
2D8D,0.6623931623931625
2S8H,0.6695156695156695
2S8C,0.6766381766381767
2C8D,0.6837606837606838
2S5C,0.6908831908831908
2C5C,0.698005698005698
2S5S,0.7051282051282051
2S5H,0.7122507122507122
2D5S,0.7193732193732194
2C5D,0.7264957264957266
2C5H,0.7336182336182335
2H5S,0.7407407407407407
2H5D,0.7478632478632479
2H5C,0.754985754985755
2D5C,0.7621082621082621
2C5S,0.7692307692307693
2H5H,0.7763532763532763
2S5D,0.7834757834757834
2D5H,0.7905982905982906
2D5D,0.7977207977207976
3H7S,0.8048433048433049
3S7S,0.811965811965812
3H7H,0.8190883190883191
3C7S,0.8262108262108262
3C7H,0.8333333333333333
3S7H,0.8404558404558404
3D7S,0.8475783475783476
3H7D,0.8547008547008547
3D7C,0.8618233618233619
3S7D,0.8689458689458689
3S7C,0.876068376068376
3C7D,0.8831908831908832
3H7C,0.8903133903133902
3C7C,0.8974358974358975
3D7H,0.9045584045584046
3D7D,0.9116809116809117
2H9C,0.9188034188034189
2C9S,0.9259259259259259
2S9S,0.933048433048433
2S9C,0.9401709401709402
2H9S,0.9472934472934472
2D9C,0.9544159544159545
2D9S,0.9615384615384617
2D9H,0.9686609686609685
2H9H,0.9757834757834758
2C9H,0.982905982905983
2C9C,0.99002849002849
2D9D,0.9971509971509972
2C9D,1.0042735042735043
2S9D,1.0113960113960114
2S9H,1.0185185185185186
2H9D,1.0256410256410255
3S9S,1.0327635327635327
3D9S,1.03988603988604
3H9S,1.047008547008547
3C9D,1.0541310541310542
3S9H,1.0612535612535612
3D9C,1.0683760683760684
3C9S,1.0754985754985755
3C9H,1.0826210826210825
3C9C,1.0897435897435899
3H9C,1.0968660968660968
3H9D,1.103988603988604
3H9H,1.1111111111111112
3S9C,1.118233618233618
3D9H,1.1253561253561253
3D9D,1.1324786324786325
3S9D,1.1396011396011396
2STC,1.1467236467236468
2CTC,1.1538461538461537
2HTS,1.160968660968661
2STD,1.168091168091168
2HTH,1.175213675213675
2CTS,1.1823361823361824
2DTH,1.1894586894586896
2HTD,1.1965811965811965
2DTS,1.2037037037037037
2DTD,1.210826210826211
2HTC,1.2179487179487178
2DTC,1.225071225071225
2STS,1.2321937321937322
2CTH,1.2393162393162394
2CTD,1.2464387464387465
2STH,1.2535612535612537
3H6S,1.2606837606837606
3C6D,1.2678062678062678
3D6S,1.274928774928775
3H6H,1.282051282051282
3C6C,1.289173789173789
3S6H,1.2962962962962963
3S6S,1.3034188034188037
3C6H,1.3105413105413104
3S6D,1.3176638176638178
3D6H,1.324786324786325
3H6D,1.3319088319088317
3D6D,1.339031339031339
3S6C,1.3461538461538463
3C6S,1.3532763532763534
3H6C,1.3603988603988604
3D6C,1.3675213675213675
3H4C,1.3746438746438747
3S4D,1.3817663817663817
3D4C,1.3888888888888888
3C4H,1.396011396011396
3C4D,1.4031339031339032
3C4S,1.4102564102564101
3S4C,1.4173789173789173
3D4S,1.4245014245014245
3D4H,1.4316239316239314
3C4C,1.4387464387464388
3H4D,1.4458689458689458
3H4H,1.4529914529914532
3S4S,1.46011396011396
3D4D,1.467236467236467
3S4H,1.4743589743589745
3H4S,1.4814814814814814
4S8D,1.4886039886039888
4S8C,1.4957264957264957
4C8C,1.502849002849003
4C8D,1.50997150997151
4D8H,1.517094017094017
4H8D,1.5242165242165242
4H8C,1.5313390313390314
4D8C,1.5384615384615385
4S8S,1.5455840455840455
4C8S,1.5527065527065527
4D8S,1.5598290598290598
4H8H,1.5669515669515668
4C8H,1.574074074074074
4H8S,1.5811965811965811
4S8H,1.5883190883190885
4D8D,1.5954415954415953
4S9S,1.6025641025641026
4H9S,1.6096866096866098
4H9D,1.6168091168091165
4C9S,1.623931623931624
4H9H,1.631054131054131
4S9H,1.6381766381766383
4S9C,1.6452991452991452
4D9S,1.6524216524216524
4C9H,1.6595441595441596
4D9D,1.6666666666666665
4D9C,1.673789173789174
4C9D,1.6809116809116809
4H9C,1.688034188034188
4C9C,1.6951566951566952
4S9D,1.7022792022792022
4D9H,1.7094017094017093
3STC,1.7165242165242165
3DTD,1.7236467236467239
3CTS,1.7307692307692306
3HTC,1.7378917378917378
3DTS,1.7450142450142452
3HTH,1.752136752136752
3CTC,1.759259259259259
3DTC,1.7663817663817665
3CTH,1.7735042735042736
3STH,1.7806267806267804
3HTS,1.787749287749288
3STD,1.794871794871795
3HTD,1.8019943019943017
3CTD,1.8091168091168093
3STS,1.8162393162393162
3DTH,1.8233618233618234
3S5H,1.8304843304843306
3C5D,1.8376068376068377
3D5S,1.8447293447293447
3H5C,1.8518518518518519
3D5D,1.858974358974359
3H5H,1.866096866096866
3C5C,1.8732193732193732
3S5C,1.8803418803418803
3S5D,1.8874643874643873
3D5C,1.8945868945868944
3C5S,1.9017094017094016
3S5S,1.908831908831909
3C5H,1.9159544159544157
3H5S,1.9230769230769234
3D5H,1.9301994301994303
3H5D,1.937321937321937
4D7S,1.9444444444444446
4C7H,1.9515669515669516
4S7S,1.9586894586894588
4H7S,1.965811965811966
4H7C,1.972934472934473
4D7H,1.98005698005698
4C7S,1.9871794871794872
4S7C,1.9943019943019944
4H7D,2.001424501424501
4C7D,2.0085470085470085
4D7C,2.015669515669516
4H7H,2.022792022792023
4S7H,2.02991452991453
4C7C,2.037037037037037
4S7D,2.044159544159544
4D7D,2.051282051282051
2DJS,2.0584045584045585
2HJH,2.0655270655270654
2HJD,2.072649572649573
2HJS,2.07977207977208
2HJC,2.0868945868945867
2CJC,2.094017094017094
2SJC,2.101139601139601
2CJS,2.1082621082621085
2DJH,2.1153846153846154
2DJD,2.1225071225071224
2CJH,2.1296296296296298
2SJS,2.1367521367521367
2SJH,2.1438746438746437
2CJD,2.150997150997151
2SJD,2.1581196581196584
2DJC,2.165242165242165
5DTS,2.1723646723646723
5STD,2.1794871794871797
5STH,2.1866096866096862
5CTS,2.1937321937321936
5DTH,2.200854700854701
5CTH,2.207977207977208
5HTH,2.215099715099715
5HTD,2.2222222222222223
5DTC,2.2293447293447293
5STS,2.236467236467236
5STC,2.2435897435897436
5CTC,2.2507122507122506
5DTD,2.257834757834758
5CTD,2.264957264957265
5HTS,2.272079772079772
5HTC,2.2792022792022792
4CTH,2.286324786324786
4CTD,2.2934472934472936
4STH,2.3005698005698005
4HTD,2.3076923076923075
4DTD,2.314814814814815
4DTS,2.321937321937322
4STD,2.329059829059829
4HTC,2.336182336182336
4DTC,2.3433048433048436
4CTS,2.35042735042735
4STC,2.357549857549858
4STS,2.364672364672365
4HTS,2.3717948717948714
4HTH,2.378917378917379
4DTH,2.386039886039886
4CTC,2.393162393162393
4C6H,2.4002849002849005
4D6S,2.4074074074074074
4H6H,2.4145299145299144
4S6H,2.421652421652422
4D6D,2.4287749287749287
4C6D,2.4358974358974357
4S6C,2.443019943019943
4H6D,2.45014245014245
4H6C,2.457264957264957
4D6H,2.4643874643874644
4D6C,2.4715099715099713
4H6S,2.4786324786324787
4S6D,2.4857549857549857
4C6C,2.492877492877493
4C6S,2.5
4S6S,2.5071225071225074
3DJS,2.514245014245014
3SJD,2.5213675213675213
3CJC,2.5284900284900287
3CJD,2.5356125356125356
3CJH,2.5427350427350426
3CJS,2.54985754985755
3HJS,2.556980056980057
3SJS,2.564102564102564
3DJC,2.5712250712250713
3SJC,2.578347578347578
3HJH,2.585470085470086
3HJC,2.5925925925925926
3DJD,2.5997150997150995
3DJH,2.6068376068376073
3SJH,2.613960113960114
3HJD,2.621082621082621
5D9D,2.6282051282051286
5D9H,2.6353276353276356
5H9D,2.642450142450142
5H9S,2.64957264957265
5H9H,2.656695156695157
5S9C,2.6638176638176634
5S9S,2.670940170940171
5S9H,2.678062678062678
5C9H,2.6851851851851856
5C9S,2.6923076923076925
5C9D,2.6994301994301995
5S9D,2.706552706552707
5D9C,2.713675213675214
5D9S,2.7207977207977208
5H9C,2.727920227920228
5C9C,2.735042735042735
5H8C,2.742165242165242
5S8C,2.7492877492877494
5D8S,2.7564102564102564
5C8H,2.7635327635327633
5D8C,2.7706552706552707
5H8H,2.7777777777777777
5C8C,2.7849002849002846
5D8H,2.792022792022792
5C8D,2.799145299145299
5H8D,2.8062678062678064
5S8D,2.8133903133903133
5S8S,2.8205128205128203
5D8D,2.8276353276353277
5S8H,2.8347578347578346
5H8S,2.8418803418803416
5C8S,2.849002849002849
4HJS,2.8561253561253563
4SJD,2.863247863247863
4DJS,2.8703703703703702
4HJC,2.8774928774928776
4CJH,2.884615384615384
4HJH,2.8917378917378915
4CJC,2.898860398860399
4SJS,2.9059829059829063
4DJH,2.913105413105413
4HJD,2.92022792022792
4DJD,2.9273504273504276
4CJS,2.934472934472934
4CJD,2.9415954415954415
4DJC,2.948717948717949
4SJH,2.9558404558404563
4SJC,2.962962962962963
4S5S,2.97008547008547
4S5C,2.9772079772079776
4H5C,2.984330484330484
4H5H,2.9914529914529915
4D5C,2.998575498575499
4C5H,3.005698005698006
4D5H,3.0128205128205128
4D5D,3.01994301994302
4C5S,3.027065527065527
4S5D,3.034188034188034
4H5S,3.0413105413105415
4S5H,3.0484330484330484
4H5D,3.055555555555556
4C5C,3.0626780626780628
4D5S,3.0698005698005697
4C5D,3.076923076923077
5S7D,3.084045584045584
5D7D,3.091168091168091
5C7H,3.0982905982905984
5H7H,3.1054131054131053
5S7C,3.1125356125356123
5S7H,3.1196581196581197
5C7S,3.1267806267806266
5H7C,3.1339031339031336
5H7S,3.141025641025641
5C7D,3.148148148148148
5H7D,3.1552706552706558
5D7H,3.1623931623931623
5D7C,3.169515669515669
5D7S,3.176638176638177
5S7S,3.1837606837606836
5C7C,3.1908831908831905
5S6S,3.1980056980056983
5S6C,3.2051282051282053
5D6H,3.2122507122507122
5H6D,3.2193732193732196
5S6H,3.2264957264957266
5D6D,3.233618233618233
5H6C,3.2407407407407405
5S6D,3.247863247863248
5C6D,3.254985754985755
5C6S,3.262108262108262
5H6H,3.269230769230769
5C6C,3.2763532763532766
5H6S,3.283475783475783
5D6S,3.2905982905982905
5C6H,3.2977207977207983
5D6C,3.304843304843305
6DTH,3.3119658119658117
6STS,3.319088319088319
6CTC,3.3262108262108265
6HTC,3.333333333333333
6DTS,3.34045584045584
6HTS,3.347578347578348
6HTH,3.3547008547008543
6DTC,3.3618233618233617
6CTS,3.368945868945869
6DTD,3.376068376068376
6HTD,3.3831908831908835
6CTD,3.3903133903133904
6STD,3.397435897435898
6STC,3.4045584045584043
6STH,3.4116809116809117
6CTH,3.4188034188034186
2HQC,3.425925925925926
2HQS,3.433048433048433
2HQH,3.4401709401709404
2SQH,3.4472934472934478
2CQD,3.4544159544159543
2DQC,3.4615384615384612
2DQD,3.4686609686609686
2DQH,3.4757834757834756
2HQD,3.482905982905983
2SQS,3.4900284900284904
2CQH,3.4971509971509973
2CQS,3.504273504273504
2CQC,3.511396011396011
2SQD,3.518518518518518
2SQC,3.5256410256410255
2DQS,3.532763532763533
3SQS,3.53988603988604
3HQC,3.5470085470085473
3HQS,3.554131054131054
3HQH,3.5612535612535607
3CQH,3.568376068376068
3SQH,3.575498575498576
3CQS,3.5826210826210825
3DQC,3.58974358974359
3DQH,3.596866096866097
3DQS,3.6039886039886033
3HQD,3.6111111111111107
3CQD,3.6182336182336186
3SQD,3.625356125356126
3CQC,3.6324786324786325
3SQC,3.6396011396011394
3DQD,3.646723646723647
5SJH,3.6538461538461533
5SJS,3.660968660968661
5HJD,3.6680911680911685
5CJS,3.6752136752136755
5DJD,3.682336182336182
5HJC,3.6894586894586894
5DJC,3.6965811965811968
5DJH,3.7037037037037037
5CJH,3.710826210826211
5CJD,3.717948717948718
5HJS,3.7250712250712255
5SJD,3.732193732193732
5SJC,3.7393162393162394
5DJS,3.7464387464387463
5CJC,3.7535612535612537
5HJH,3.7606837606837606
6DJC,3.767806267806268
6SJD,3.7749287749287745
6DJS,3.782051282051282
6SJS,3.789173789173789
6DJH,3.7962962962962963
6SJC,3.8034188034188032
6SJH,3.8105413105413106
6CJS,3.817663817663818
6HJC,3.8247863247863245
6CJD,3.8319088319088315
6HJS,3.839031339031339
6CJC,3.8461538461538467
6DJD,3.853276353276353
6HJH,3.8603988603988606
6HJD,3.8675213675213675
6CJH,3.874643874643874
6C9C,3.8817663817663814
6D9S,3.8888888888888893
6H9C,3.8960113960113967
6D9C,3.903133903133903
6S9S,3.91025641025641
6D9D,3.9173789173789175
6C9H,3.924501424501424
6C9D,3.931623931623932
6H9S,3.9387464387464393
6C9S,3.945868945868946
6S9D,3.9529914529914527
6S9H,3.96011396011396
6D9H,3.967236467236467
6H9D,3.9743589743589745
6S9C,3.981481481481482
6H9H,3.988603988603989
6D8C,3.995726495726496
6S8C,4.002849002849002
6S8H,4.00997150997151
6D8H,4.017094017094017
6S8D,4.024216524216524
6C8S,4.031339031339032
6H8S,4.038461538461538
6S8S,4.045584045584046
6D8D,4.052706552706552
6C8H,4.05982905982906
6C8D,4.066951566951567
6H8D,4.074074074074074
6H8C,4.081196581196581
6C8C,4.088319088319088
6H8H,4.095441595441596
6D8S,4.102564102564102
6C7D,4.10968660968661
6S7S,4.116809116809117
6S7C,4.1239316239316235
6C7H,4.131054131054131
6C7S,4.138176638176638
6C7C,4.145299145299146
6S7D,4.152421652421652
6S7H,4.15954415954416
6D7C,4.166666666666667
6D7H,4.1737891737891735
6D7S,4.180911680911681
6H7S,4.188034188034188
6H7H,4.195156695156696
6H7D,4.202279202279202
6H7C,4.2094017094017095
6D7D,4.216524216524217
4CQD,4.2236467236467234
4CQS,4.230769230769231
4HQS,4.237891737891738
4HQH,4.245014245014245
4DQH,4.252136752136752
4DQD,4.2592592592592595
4DQS,4.266381766381767
4CQC,4.273504273504273
4SQC,4.280626780626781
4CQH,4.287749287749287
4SQD,4.294871794871795
4HQC,4.301994301994302
4HQD,4.3091168091168095
4DQC,4.316239316239317
4SQH,4.323361823361823
4SQS,4.33048433048433
2S2H,4.337606837606837
2S2D,4.344729344729345
2C2H,4.351851851851852
2H2C,4.3589743589743595
2D2H,4.366096866096866
2C2D,4.3732193732193725
2C2S,4.38034188034188
2S2C,4.387464387464387
2D2S,4.394586894586895
2H2S,4.401709401709402
2H2D,4.408831908831909
2D2C,4.415954415954416
5HQS,4.4230769230769225
5SQD,4.43019943019943
5DQH,4.437321937321938
5CQH,4.444444444444445
5SQH,4.451566951566951
5HQD,4.4586894586894585
5DQD,4.465811965811966
5DQS,4.472934472934472
5HQC,4.480056980056981
5DQC,4.487179487179487
5HQH,4.494301994301994
5CQD,4.501424501424501
5CQS,4.5085470085470085
5SQS,4.515669515669516
5CQC,4.522792022792023
5SQC,4.52991452991453
7H9C,4.537037037037037
7D9D,4.544159544159544
7H9H,4.551282051282051
7D9H,4.5584045584045585
7H9D,4.565527065527066
7C9D,4.572649572649572
7C9S,4.57977207977208
7C9C,4.586894586894587
7H9S,4.594017094017094
7D9S,4.601139601139601
7S9C,4.6082621082621085
7S9S,4.615384615384615
7C9H,4.622507122507122
7S9D,4.62962962962963
7D9C,4.636752136752137
7S9H,4.643874643874644
7SJS,4.650997150997151
7HJH,4.658119658119658
7DJS,4.665242165242166
7DJC,4.672364672364672
7HJS,4.67948717948718
7SJH,4.686609686609687
7HJC,4.693732193732194
7SJD,4.7008547008547
7SJC,4.707977207977208
7CJC,4.715099715099716
7DJH,4.722222222222222
7DJD,4.72934472934473
7CJS,4.736467236467236
7CJD,4.743589743589743
7HJD,4.750712250712251
7CJH,4.757834757834758
2HKD,4.764957264957265
2SKS,4.772079772079772
2CKC,4.779202279202279
2SKH,4.786324786324786
2DKD,4.793447293447294
2CKD,4.800569800569801
2DKC,4.807692307692308
2HKC,4.814814814814815
2SKC,4.821937321937321
2DKH,4.829059829059829
2HKH,4.836182336182336
2DKS,4.843304843304844
2SKD,4.850427350427351
2CKH,4.8575498575498575
2CKS,4.864672364672364
2HKS,4.871794871794871
6SQC,4.878917378917379
6HQS,4.886039886039886
6SQD,4.8931623931623935
6DQD,4.9002849002849
6CQH,4.907407407407407
6DQC,4.914529914529914
6DQS,4.921652421652421
6CQC,4.928774928774929
6CQS,4.935897435897436
6HQD,4.943019943019943
6SQS,4.95014245014245
6CQD,4.957264957264957
6HQH,4.964387464387464
6HQC,4.971509971509971
6DQH,4.978632478632479
6SQH,4.985754985754986
7STS,4.992877492877493
7STC,5.0
7HTH,5.0071225071225065
7DTS,5.014245014245015
7CTS,5.021367521367521
7STH,5.028490028490028
7HTD,5.035612535612536
7CTC,5.042735042735043
7HTS,5.049857549857549
7CTD,5.056980056980057
7DTH,5.064102564102564
7CTH,5.071225071225071
7DTD,5.078347578347579
7STD,5.085470085470085
7HTC,5.0925925925925934
7DTC,5.0997150997151
7DQC,5.1068376068376065
7HQC,5.113960113960114
7HQD,5.121082621082621
7DQH,5.128205128205128
7HQS,5.135327635327636
7DQD,5.1424501424501425
7HQH,5.149572649572649
7CQS,5.156695156695156
7CQC,5.163817663817664
7CQD,5.170940170940172
7SQS,5.178062678062679
7SQC,5.185185185185185
7SQH,5.1923076923076925
7SQD,5.199430199430199
7DQS,5.206552706552706
7CQH,5.213675213675215
7C8D,5.220797720797721
7H8C,5.227920227920228
7D8S,5.235042735042735
7S8S,5.242165242165242
7H8D,5.249287749287749
7H8H,5.256410256410257
7D8D,5.263532763532764
7H8S,5.270655270655271
7S8H,5.277777777777778
7C8C,5.284900284900284
7C8S,5.2920227920227925
7D8C,5.2991452991453
7S8C,5.306267806267806
7C8H,5.313390313390314
7S8D,5.32051282051282
7D8H,5.327635327635327
3HKD,5.334757834757835
3DKD,5.341880341880342
3SKH,5.349002849002849
3CKH,5.356125356125356
3HKS,5.363247863247863
3SKC,5.370370370370371
3CKD,5.377492877492878
3DKS,5.384615384615385
3DKC,5.3917378917378915
3HKC,5.398860398860399
3HKH,5.405982905982905
3DKH,5.413105413105414
3CKC,5.42022792022792
3SKD,5.427350427350428
3CKS,5.434472934472934
3SKS,5.4415954415954415
3H3S,5.448717948717948
3D3S,5.455840455840456
3D3H,5.462962962962963
3H3D,5.47008547008547
3C3H,5.477207977207977
3H3C,5.484330484330484
3C3S,5.491452991452992
3C3D,5.498575498575499
3D3C,5.505698005698005
3S3C,5.512820512820513
3S3H,5.519943019943019
3S3D,5.527065527065527
4SKD,5.534188034188035
4SKH,5.5413105413105415
4DKD,5.548433048433048
4CKD,5.555555555555555
4DKH,5.562678062678062
4DKC,5.569800569800569
4SKS,5.5769230769230775
4CKS,5.584045584045584
4CKH,5.591168091168091
4CKC,5.598290598290598
4HKH,5.6054131054131044
4HKC,5.612535612535613
4SKC,5.61965811965812
4HKD,5.626780626780627
4HKS,5.633903133903134
4DKS,5.6410256410256405
5HKC,5.648148148148147
5HKS,5.655270655270655
5CKH,5.662393162393163
5DKS,5.669515669515669
5DKD,5.676638176638177
5SKS,5.683760683760683
5SKH,5.690883190883191
5SKD,5.698005698005698
5HKH,5.705128205128205
5CKD,5.712250712250713
5DKC,5.719373219373219
5CKS,5.726495726495726
5SKC,5.733618233618234
5DKH,5.7407407407407405
5CKC,5.747863247863248
5HKD,5.754985754985755
8STD,5.762108262108262
8HTH,5.769230769230768
8STH,5.7763532763532766
8DTH,5.783475783475783
8DTS,5.790598290598291
8CTD,5.797720797720798
8STC,5.804843304843304
8CTS,5.811965811965813
8CTH,5.819088319088319
8STS,5.826210826210826
8HTC,5.833333333333334
8DTC,5.84045584045584
8HTD,5.847578347578347
8DTD,5.854700854700855
8CTC,5.861823361823362
8HTS,5.868945868945868
8D9C,5.8760683760683765
8S9C,5.883190883190883
8D9D,5.89031339031339
8S9S,5.897435897435898
8H9H,5.904558404558404
8H9C,5.911680911680913
8D9H,5.918803418803419
8S9H,5.925925925925926
8D9S,5.933048433048433
8C9H,5.94017094017094
8S9D,5.947293447293447
8C9C,5.954415954415955
8H9D,5.961538461538462
8H9S,5.968660968660968
8C9S,5.975783475783476
8C9D,5.982905982905983
6HKS,5.990028490028491
6DKH,5.997150997150998
6SKH,6.004273504273504
6DKS,6.011396011396012
6SKC,6.018518518518518
6CKD,6.0256410256410255
6SKS,6.032763532763534
6SKD,6.03988603988604
6HKD,6.047008547008547
6CKC,6.054131054131054
6CKS,6.061253561253561
6HKH,6.068376068376068
6CKH,6.075498575498576
6DKD,6.082621082621083
6HKC,6.089743589743589
6DKC,6.096866096866097
8SJS,6.103988603988603
8HJC,6.111111111111112
8SJC,6.118233618233619
8HJH,6.1253561253561255
8SJH,6.132478632478633
8SJD,6.139601139601139
8CJS,6.146723646723646
8DJH,6.153846153846154
8CJD,6.160968660968662
8DJC,6.168091168091168
8HJD,6.1752136752136755
8HJS,6.182336182336182
8CJH,6.1894586894586885
8DJD,6.196581196581197
8CJC,6.203703703703704
8DJS,6.210826210826211
8DQD,6.217948717948718
8HQD,6.225071225071225
8SQC,6.232193732193733
8CQC,6.239316239316239
8HQS,6.246438746438747
8SQS,6.253561253561253
8DQS,6.260683760683761
8CQS,6.267806267806267
8HQH,6.274928774928775
8CQH,6.282051282051282
8SQD,6.289173789173789
8HQC,6.296296296296296
8DQH,6.303418803418803
8DQC,6.3105413105413115
8CQD,6.317663817663818
8SQH,6.3247863247863245
4D4H,6.331908831908832
4H4S,6.339031339031338
4D4S,6.346153846153846
4S4H,6.353276353276354
4C4D,6.360398860398861
4H4D,6.367521367521367
4D4C,6.3746438746438745
4S4C,6.381766381766381
4H4C,6.388888888888888
4S4D,6.396011396011397
4C4H,6.403133903133903
4C4S,6.410256410256411
7SKC,6.417378917378917
7DKH,6.4245014245014245
7CKC,6.431623931623932
7CKS,6.438746438746439
7DKS,6.445868945868945
7HKD,6.452991452991453
7SKH,6.4601139601139606
7CKH,6.467236467236466
7SKS,6.474358974358975
7HKC,6.481481481481481
7SKD,6.488603988603988
7DKD,6.495726495726496
7CKD,6.502849002849002
7HKH,6.50997150997151
7DKC,6.517094017094017
7HKS,6.524216524216524
2SAC,6.531339031339032
2DAC,6.538461538461538
2CAD,6.545584045584046
2HAH,6.552706552706553
2CAH,6.5598290598290605
2DAD,6.566951566951566
2HAD,6.574074074074074
2HAS,6.581196581196581
2SAS,6.588319088319087
2SAH,6.595441595441597
2SAD,6.602564102564102
2HAC,6.60968660968661
2CAS,6.616809116809117
2DAS,6.6239316239316235
2DAH,6.631054131054131
2CAC,6.638176638176638
8CKD,6.645299145299146
8HKS,6.652421652421653
8CKS,6.65954415954416
8DKD,6.666666666666666
8DKC,6.673789173789174
8SKC,6.68091168091168
8SKD,6.688034188034187
8HKC,6.695156695156696
8SKH,6.702279202279202
8HKD,6.709401709401709
8DKS,6.716524216524216
8HKH,6.7236467236467234
8DKH,6.730769230769231
8CKH,6.737891737891738
8CKC,6.745014245014245
8SKS,6.752136752136752
9DTD,6.7592592592592595
9HTS,6.766381766381767
9STS,6.773504273504274
9STC,6.780626780626781
9STH,6.787749287749287
9HTH,6.794871794871796
9CTC,6.801994301994301
9CTS,6.809116809116809
9HTC,6.816239316239316
9DTH,6.823361823361823
9CTD,6.830484330484332
9STD,6.837606837606837
9DTS,6.844729344729345
9CTH,6.851851851851852
9DTC,6.8589743589743595
9HTD,6.866096866096866
9CJC,6.873219373219373
9CJD,6.880341880341881
9SJH,6.887464387464386
9SJS,6.8945868945868956
9CJS,6.901709401709401
9HJH,6.908831908831909
9DJH,6.915954415954417
9CJH,6.9230769230769225
9SJD,6.930199430199432
9HJC,6.937321937321937
9HJS,6.944444444444445
9DJC,6.951566951566951
9DJS,6.9586894586894585
9HJD,6.965811965811966
9DJD,6.972934472934473
9SJC,6.980056980056981
3HAH,6.987179487179486
3HAC,6.994301994301995
3CAS,7.001424501424502
3DAC,7.008547008547008
3DAD,7.015669515669517
3SAC,7.022792022792022
3CAD,7.02991452991453
3CAH,7.037037037037036
3SAS,7.044159544159544
3HAD,7.051282051282051
3SAH,7.0584045584045585
3DAH,7.065527065527066
3SAD,7.072649572649572
3DAS,7.07977207977208
3CAC,7.086894586894587
3HAS,7.094017094017095
9HQD,7.101139601139602
9DQD,7.108262108262108
9HQS,7.115384615384616
9CQC,7.1225071225071215
9CQH,7.129629629629629
9CQS,7.136752136752136
9CQD,7.143874643874644
9HQH,7.150997150997152
9DQS,7.158119658119658
9DQC,7.165242165242165
9SQH,7.172364672364672
9SQC,7.17948717948718
9DQH,7.186609686609687
9SQD,7.193732193732194
9HQC,7.200854700854701
9SQS,7.207977207977207
5H5C,7.215099715099716
5H5S,7.222222222222221
5C5D,7.229344729344729
5S5C,7.236467236467237
5S5H,7.243589743589743
5C5H,7.250712250712252
5D5C,7.2578347578347575
5C5S,7.264957264957265
5H5D,7.272079772079772
5S5D,7.279202279202279
5D5H,7.286324786324786
5D5S,7.293447293447294
6DAC,7.300569800569801
6DAS,7.307692307692307
6CAC,7.314814814814815
6SAC,7.321937321937322
6HAH,7.329059829059828
6CAS,7.336182336182337
6HAD,7.343304843304843
6CAD,7.350427350427351
6SAS,7.3575498575498575
6CAH,7.364672364672364
6HAS,7.371794871794873
6SAD,7.378917378917379
6HAC,7.386039886039886
6DAH,7.3931623931623935
6SAH,7.4002849002849
6DAD,7.407407407407407
4HAD,7.414529914529915
4SAS,7.421652421652422
4CAC,7.428774928774928
4CAD,7.435897435897436
4SAH,7.443019943019943
4CAH,7.450142450142451
4HAC,7.4572649572649565
4SAD,7.464387464387464
4DAC,7.471509971509972
4DAD,7.478632478632479
4SAC,7.485754985754985
4DAS,7.492877492877493
4HAS,7.5
4DAH,7.507122507122507
4CAS,7.514245014245015
4HAH,7.521367521367521
9CKC,7.528490028490028
9DKD,7.535612535612536
9CKD,7.5427350427350435
9SKC,7.549857549857549
9HKH,7.556980056980057
9HKC,7.564102564102564
9SKH,7.571225071225072
9CKS,7.578347578347578
9DKC,7.585470085470085
9SKD,7.592592592592593
9SKS,7.5997150997151
9DKH,7.6068376068376065
9DKS,7.613960113960114
9HKS,7.621082621082621
9HKD,7.628205128205127
9CKH,7.635327635327636
5DAS,7.6424501424501425
5SAS,7.649572649572649
5DAH,7.656695156695157
5CAS,7.663817663817663
5CAC,7.670940170940172
5DAC,7.678062678062678
5CAD,7.685185185185185
5HAS,7.692307692307693
5DAD,7.699430199430199
5CAH,7.706552706552706
5HAC,7.713675213675214
5HAH,7.720797720797721
5SAD,7.727920227920228
5HAD,7.735042735042735
5SAC,7.7421652421652425
5SAH,7.749287749287748
7DAH,7.756410256410257
7HAS,7.763532763532763
7CAC,7.770655270655271
7SAS,7.777777777777779
7HAH,7.784900284900284
7SAC,7.792022792022793
7DAD,7.799145299145299
7DAS,7.806267806267806
7DAC,7.813390313390313
7SAH,7.82051282051282
7SAD,7.827635327635328
7CAS,7.834757834757835
7HAC,7.841880341880342
7CAD,7.849002849002848
7HAD,7.856125356125356
7CAH,7.863247863247864
JHTC,7.870370370370371
JSTH,7.8774928774928785
JDTS,7.884615384615384
JHTS,7.891737891737892
JDTC,7.898860398860398
JDTD,7.905982905982905
JCTH,7.913105413105413
JSTS,7.92022792022792
JCTD,7.927350427350428
JCTC,7.934472934472934
JSTC,7.9415954415954415
JHTH,7.948717948717949
JDTH,7.955840455840456
JHTD,7.962962962962964
JCTS,7.97008547008547
JSTD,7.977207977207978
QCTD,7.984330484330483
QSTC,7.991452991452992
QSTS,7.998575498575498
QDTC,8.005698005698004
QHTC,8.012820512820515
QHTS,8.01994301994302
QDTD,8.027065527065528
QDTS,8.034188034188034
QHTD,8.04131054131054
QDTH,8.048433048433049
QCTS,8.055555555555555
QSTH,8.062678062678064
QSTD,8.069800569800568
QCTC,8.076923076923077
QHTH,8.084045584045583
QCTH,8.091168091168091
8DAD,8.0982905982906
8CAH,8.105413105413104
8HAS,8.112535612535613
8HAC,8.11965811965812
8DAC,8.126780626780626
8CAC,8.133903133903134
8CAS,8.14102564102564
8SAH,8.148148148148149
8HAD,8.155270655270655
8CAD,8.162393162393162
8SAS,8.169515669515668
8SAD,8.176638176638177
8DAS,8.183760683760685
8HAH,8.190883190883191
8DAH,8.198005698005698
8SAC,8.205128205128204
6S6C,8.212250712250713
6H6C,8.21937321937322
6D6C,8.226495726495726
6C6H,8.233618233618234
6H6D,8.24074074074074
6C6S,8.247863247863247
6D6S,8.254985754985755
6H6S,8.262108262108262
6C6D,8.26923076923077
6D6H,8.276353276353277
6S6D,8.283475783475783
6S6H,8.290598290598291
9SAC,8.297720797720798
9DAC,8.304843304843304
9HAH,8.311965811965813
9CAH,8.31908831908832
9HAC,8.326210826210826
9SAS,8.333333333333334
9CAD,8.34045584045584
9SAH,8.347578347578347
9DAH,8.354700854700855
9CAS,8.361823361823362
9HAS,8.368945868945868
9CAC,8.376068376068377
9DAD,8.383190883190883
9HAD,8.390313390313391
9DAS,8.397435897435898
9SAD,8.404558404558404
KHTH,8.411680911680913
KDTH,8.418803418803419
KCTC,8.425925925925926
KSTD,8.433048433048434
KCTS,8.44017094017094
KDTS,8.447293447293447
KCTD,8.454415954415953
KHTD,8.461538461538462
KDTC,8.468660968660968
KSTS,8.475783475783476
KHTS,8.482905982905983
KHTC,8.49002849002849
KCTH,8.497150997150998
KSTH,8.504273504273504
KSTC,8.511396011396013
KDTD,8.518518518518519
JHQC,8.525641025641026
JSQC,8.532763532763534
JHQH,8.539886039886039
JCQD,8.547008547008547
JCQC,8.554131054131055
JDQH,8.561253561253562
JCQH,8.568376068376068
JDQD,8.575498575498575
JHQS,8.582621082621083
JSQD,8.58974358974359
JSQH,8.596866096866098
JDQS,8.603988603988604
JCQS,8.61111111111111
JDQC,8.618233618233619
JHQD,8.625356125356124
JSQS,8.632478632478634
JCKS,8.63960113960114
JHKS,8.646723646723647
JDKC,8.653846153846155
JHKD,8.66096866096866
JDKD,8.668091168091168
JSKH,8.675213675213675
JSKD,8.682336182336183
JSKC,8.68945868945869
JCKC,8.696581196581196
JCKH,8.703703703703704
JSKS,8.71082621082621
JDKH,8.717948717948719
JHKH,8.725071225071225
JDKS,8.732193732193732
JCKD,8.73931623931624
JHKC,8.746438746438745
7C7H,8.753561253561255
7C7D,8.76068376068376
7H7S,8.767806267806268
7H7D,8.774928774928775
7S7H,8.782051282051281
7C7S,8.78917378917379
7H7C,8.796296296296296
7D7S,8.803418803418804
7D7C,8.81054131054131
7S7D,8.817663817663817
7D7H,8.824786324786325
7S7C,8.831908831908832
KSQC,8.83903133903134
KDQS,8.846153846153845
KSQD,8.853276353276353
KHQD,8.86039886039886
KSQS,8.867521367521366
KHQH,8.874643874643876
KHQS,8.881766381766381
KCQH,8.88888888888889
KCQD,8.896011396011396
KCQC,8.903133903133902
KHQC,8.91025641025641
KSQH,8.917378917378917
KCQS,8.924501424501425
KDQH,8.931623931623932
KDQD,8.938746438746438
KDQC,8.945868945868945
ADTC,8.952991452991453
ACTS,8.960113960113961
ASTC,8.967236467236466
ASTS,8.974358974358974
ASTD,8.981481481481481
ACTD,8.988603988603987
ACTH,8.995726495726496
AHTD,9.002849002849002
AHTS,9.00997150997151
AHTC,9.017094017094017
ADTD,9.024216524216524
AHTH,9.031339031339032
ACTC,9.038461538461538
ASTH,9.045584045584047
ADTS,9.052706552706553
ADTH,9.05982905982906
8D8H,9.066951566951566
8S8C,9.074074074074074
8C8D,9.081196581196581
8H8C,9.088319088319087
8H8D,9.095441595441596
8C8H,9.102564102564102
8S8D,9.109686609686609
8D8S,9.116809116809117
8H8S,9.123931623931623
8S8H,9.131054131054132
8C8S,9.138176638176638
8D8C,9.145299145299145
ASJH,9.152421652421653
ADJS,9.15954415954416
ADJH,9.166666666666666
AHJH,9.173789173789174
ADJD,9.18091168091168
ASJS,9.188034188034187
ASJD,9.195156695156696
ACJC,9.202279202279202
AHJD,9.209401709401709
AHJS,9.216524216524217
AHJC,9.223646723646723
ADJC,9.23076923076923
ACJH,9.237891737891738
ACJS,9.245014245014245
ACJD,9.252136752136753
ASJC,9.25925925925926
9H9S,9.266381766381766
9S9D,9.273504273504274
9H9C,9.28062678062678
9C9S,9.287749287749287
9D9H,9.294871794871796
9S9C,9.301994301994302
9H9D,9.309116809116809
9C9H,9.316239316239315
9D9C,9.323361823361823
9D9S,9.330484330484332
9C9D,9.337606837606838
9S9H,9.344729344729345
ACQD,9.351851851851851
ACQH,9.35897435897436
ADQD,9.366096866096866
AHQD,9.373219373219374
AHQS,9.38034188034188
ADQS,9.387464387464387
ASQH,9.394586894586896
ACQC,9.4017094017094
AHQH,9.408831908831909
ACQS,9.415954415954417
ASQS,9.423076923076923
ADQH,9.430199430199432
AHQC,9.437321937321936
ASQC,9.444444444444445
ADQC,9.451566951566951
ASQD,9.45868945868946
TCTD,9.465811965811966
TCTS,9.472934472934472
TDTH,9.48005698005698
TCTH,9.487179487179485
THTD,9.494301994301996
THTC,9.501424501424502
THTS,9.508547008547009
TDTS,9.515669515669517
TSTD,9.522792022792022
TSTC,9.52991452991453
TSTH,9.537037037037036
TDTC,9.544159544159545
ADKC,9.551282051282051
ADKH,9.558404558404558
AHKD,9.565527065527066
ADKD,9.572649572649572
ASKS,9.57977207977208
ADKS,9.586894586894587
ASKC,9.594017094017094
ACKH,9.601139601139602
ASKD,9.608262108262107
ACKD,9.615384615384617
ASKH,9.622507122507121
ACKS,9.62962962962963
AHKH,9.636752136752136
AHKC,9.643874643874643
ACKC,9.650997150997153
AHKS,9.658119658119658
JCJH,9.665242165242166
JCJS,9.672364672364672
JHJC,9.679487179487179
JCJD,9.686609686609687
JDJC,9.693732193732194
JDJH,9.700854700854702
JDJS,9.707977207977207
JHJD,9.715099715099715
JSJD,9.722222222222221
JSJC,9.729344729344728
JSJH,9.736467236467238
JHJS,9.743589743589743
QHQD,9.750712250712251
QDQS,9.757834757834758
QSQH,9.764957264957264
QDQH,9.772079772079772
QCQH,9.779202279202279
QDQC,9.786324786324787
QSQD,9.793447293447294
QSQC,9.8005698005698
QHQC,9.807692307692307
QCQD,9.814814814814815
QHQS,9.821937321937323
QCQS,9.829059829059828
KHKD,9.836182336182336
KSKH,9.843304843304843
KCKS,9.850427350427351
KDKH,9.857549857549857
KHKC,9.864672364672364
KSKD,9.871794871794872
KHKS,9.878917378917379
KDKS,9.886039886039885
KSKC,9.893162393162394
KCKH,9.9002849002849
KDKC,9.907407407407408
KCKD,9.914529914529915
ADAC,9.921652421652421
ASAD,9.928774928774928
ACAH,9.935897435897436
AHAC,9.943019943019943
ASAC,9.950142450142451
ADAH,9.957264957264957
AHAS,9.964387464387464
AHAD,9.971509971509972
ACAS,9.978632478632479
ADAS,9.985754985754985
ASAH,9.992877492877493
ACAD,10.0
